[{"model": "admin.logentry", "pk": 1, "fields": {"action_time": "2021-04-16T04:33:46.653Z", "user": 1, "content_type": 7, "object_id": "1", "object_repr": "cih-takeaway.example.com", "action_flag": 2, "change_message": "[{\"changed\": {\"fields\": [\"Domain name\", \"Display name\"]}}]"}}, {"model": "admin.logentry", "pk": 2, "fields": {"action_time": "2021-04-16T04:40:26.256Z", "user": 1, "content_type": 8, "object_id": "1", "object_repr": "winstonvercetti.promotions@gmail.com", "action_flag": 2, "change_message": "[{\"changed\": {\"fields\": [\"Verified\", \"Primary\"]}}]"}}, {"model": "admin.logentry", "pk": 3, "fields": {"action_time": "2021-04-19T03:28:39.355Z", "user": 1, "content_type": 14, "object_id": "3", "object_repr": "SWEET POTATO & CHICKPEA FALAFEL", "action_flag": 1, "change_message": "[{\"added\": {}}]"}}, {"model": "admin.logentry", "pk": 4, "fields": {"action_time": "2021-04-19T03:29:32.564Z", "user": 1, "content_type": 14, "object_id": "4", "object_repr": "SPICY CHILLI CHICKEN WINGS", "action_flag": 1, "change_message": "[{\"added\": {}}]"}}, {"model": "admin.logentry", "pk": 5, "fields": {"action_time": "2021-04-19T03:30:24.212Z", "user": 1, "content_type": 14, "object_id": "5", "object_repr": "SLOW COOKED BBQ PORK RIBS", "action_flag": 1, "change_message": "[{\"added\": {}}]"}}, {"model": "admin.logentry", "pk": 6, "fields": {"action_time": "2021-04-19T03:32:55.989Z", "user": 1, "content_type": 14, "object_id": "6", "object_repr": "HALLOUMI CHEESE, BEETROOT, CARAMELIZED RED ONION & PEANUT PRALINE SALAD", "action_flag": 1, "change_message": "[{\"added\": {}}]"}}, {"model": "admin.logentry", "pk": 7, "fields": {"action_time": "2021-04-19T03:33:34.047Z", "user": 1, "content_type": 14, "object_id": "7", "object_repr": "THAI FISH CAKE", "action_flag": 1, "change_message": "[{\"added\": {}}]"}}, {"model": "admin.logentry", "pk": 8, "fields": {"action_time": "2021-04-19T03:34:22.738Z", "user": 1, "content_type": 14, "object_id": "8", "object_repr": "MONKFISH SCAMPI", "action_flag": 1, "change_message": "[{\"added\": {}}]"}}, {"model": "admin.logentry", "pk": 9, "fields": {"action_time": "2021-04-19T03:35:12.929Z", "user": 1, "content_type": 14, "object_id": "9", "object_repr": "NEW YORKER TOASTED BLT, BACON, LETTUCE, THICK CUT SOUR DOUGH BREAD", "action_flag": 1, "change_message": "[{\"added\": {}}]"}}, {"model": "admin.logentry", "pk": 10, "fields": {"action_time": "2021-04-19T03:36:36.040Z", "user": 1, "content_type": 14, "object_id": "10", "object_repr": "CURRY OF THE WEEK", "action_flag": 1, "change_message": "[{\"added\": {}}]"}}, {"model": "admin.logentry", "pk": 11, "fields": {"action_time": "2021-04-19T03:37:20.029Z", "user": 1, "content_type": 14, "object_id": "11", "object_repr": "ROAST OF THE DAY (SUNDAY ONLY)", "action_flag": 1, "change_message": "[{\"added\": {}}]"}}, {"model": "admin.logentry", "pk": 12, "fields": {"action_time": "2021-04-19T03:37:55.873Z", "user": 1, "content_type": 14, "object_id": "12", "object_repr": "TRADITIONAL CRISPY BEER BATTERED FISH & CHIPS", "action_flag": 1, "change_message": "[{\"added\": {}}]"}}, {"model": "admin.logentry", "pk": 13, "fields": {"action_time": "2021-04-19T03:39:09.025Z", "user": 1, "content_type": 14, "object_id": "13", "object_repr": "SALT & PEPPER SMOKED TOFU SKEWERS", "action_flag": 1, "change_message": "[{\"added\": {}}]"}}, {"model": "admin.logentry", "pk": 14, "fields": {"action_time": "2021-04-19T03:39:52.780Z", "user": 1, "content_type": 14, "object_id": "14", "object_repr": "DOUBLE BEEF BURGER SERVED IN A BRIOCHE BUN", "action_flag": 1, "change_message": "[{\"added\": {}}]"}}, {"model": "admin.logentry", "pk": 15, "fields": {"action_time": "2021-04-19T03:40:30.347Z", "user": 1, "content_type": 14, "object_id": "15", "object_repr": "BUTTERMILK BUFFALO CHICKEN BURGER, IN A BRIOCHE BUN GRILLED HALLOUMI CHEESE", "action_flag": 1, "change_message": "[{\"added\": {}}]"}}, {"model": "admin.logentry", "pk": 16, "fields": {"action_time": "2021-04-19T03:41:12.613Z", "user": 1, "content_type": 14, "object_id": "16", "object_repr": "PAN SEARED SALMON", "action_flag": 1, "change_message": "[{\"added\": {}}]"}}, {"model": "admin.logentry", "pk": 17, "fields": {"action_time": "2021-04-19T03:41:59.019Z", "user": 1, "content_type": 14, "object_id": "17", "object_repr": "10OZ SIRLOIN STEAK", "action_flag": 1, "change_message": "[{\"added\": {}}]"}}, {"model": "admin.logentry", "pk": 18, "fields": {"action_time": "2021-04-19T03:43:59.284Z", "user": 1, "content_type": 14, "object_id": "18", "object_repr": "PEANUT BLONDIE WITH CARAMEL SAUCE & CARAMEL ICE CREAM", "action_flag": 1, "change_message": "[{\"added\": {}}]"}}, {"model": "admin.logentry", "pk": 19, "fields": {"action_time": "2021-04-19T03:44:37.377Z", "user": 1, "content_type": 14, "object_id": "19", "object_repr": "CHOCOLATE BROWNIE", "action_flag": 1, "change_message": "[{\"added\": {}}]"}}, {"model": "admin.logentry", "pk": 20, "fields": {"action_time": "2021-04-19T03:45:32.345Z", "user": 1, "content_type": 14, "object_id": "20", "object_repr": "ICE CREAM SELECTION", "action_flag": 1, "change_message": "[{\"added\": {}}]"}}, {"model": "admin.logentry", "pk": 21, "fields": {"action_time": "2021-04-19T03:46:04.654Z", "user": 1, "content_type": 14, "object_id": "21", "object_repr": "BRAMLEY APPLE TART", "action_flag": 1, "change_message": "[{\"added\": {}}]"}}, {"model": "admin.logentry", "pk": 22, "fields": {"action_time": "2021-04-19T03:47:05.717Z", "user": 1, "content_type": 14, "object_id": "22", "object_repr": "LEMON DRIZZLE CAKES", "action_flag": 1, "change_message": "[{\"added\": {}}]"}}, {"model": "admin.logentry", "pk": 23, "fields": {"action_time": "2021-04-19T03:49:12.133Z", "user": 1, "content_type": 14, "object_id": "23", "object_repr": "LIGHT LIPS PINOT GRIGIO (WHITE)", "action_flag": 1, "change_message": "[{\"added\": {}}]"}}, {"model": "admin.logentry", "pk": 24, "fields": {"action_time": "2021-04-19T03:52:20.830Z", "user": 1, "content_type": 14, "object_id": "24", "object_repr": "REAL COMPAUIA DE VINOS VERDEJO (WHITE)", "action_flag": 1, "change_message": "[{\"added\": {}}]"}}, {"model": "admin.logentry", "pk": 25, "fields": {"action_time": "2021-04-19T03:52:55.936Z", "user": 1, "content_type": 14, "object_id": "25", "object_repr": "MCGUIGAN BLACK LABEL FRIZZANTE (WHITE)", "action_flag": 1, "change_message": "[{\"added\": {}}]"}}, {"model": "admin.logentry", "pk": 26, "fields": {"action_time": "2021-04-19T03:53:17.841Z", "user": 1, "content_type": 14, "object_id": "26", "object_repr": "TIGER HORSE CHENIN BLANCE- PINOT GRIGIO (WHITE)", "action_flag": 1, "change_message": "[{\"added\": {}}]"}}, {"model": "admin.logentry", "pk": 27, "fields": {"action_time": "2021-04-19T03:53:38.896Z", "user": 1, "content_type": 14, "object_id": "27", "object_repr": "TIGER HORSE CINSAULT (RED)", "action_flag": 1, "change_message": "[{\"added\": {}}]"}}, {"model": "admin.logentry", "pk": 28, "fields": {"action_time": "2021-04-19T03:53:57.875Z", "user": 1, "content_type": 14, "object_id": "28", "object_repr": "LE BOSQ ROUGE (RED)", "action_flag": 1, "change_message": "[{\"added\": {}}]"}}, {"model": "admin.logentry", "pk": 29, "fields": {"action_time": "2021-04-19T03:54:18.347Z", "user": 1, "content_type": 14, "object_id": "27", "object_repr": "TIGER HORSE CINSAULT (RED)", "action_flag": 2, "change_message": "[{\"changed\": {\"fields\": [\"Rating\"]}}]"}}, {"model": "admin.logentry", "pk": 30, "fields": {"action_time": "2021-05-04T19:44:39.529Z", "user": 1, "content_type": 14, "object_id": "29", "object_repr": "Sandeman", "action_flag": 1, "change_message": "[{\"added\": {}}]"}}, {"model": "admin.logentry", "pk": 31, "fields": {"action_time": "2021-05-06T04:02:34.134Z", "user": 1, "content_type": 14, "object_id": "15", "object_repr": "BUTTERMILK BUFFALO CHICKEN BURGER", "action_flag": 2, "change_message": "[{\"changed\": {\"fields\": [\"Name\", \"Description\"]}}]"}}, {"model": "admin.logentry", "pk": 32, "fields": {"action_time": "2021-05-06T04:03:02.738Z", "user": 1, "content_type": 14, "object_id": "14", "object_repr": "DOUBLE BEEF BURGER", "action_flag": 2, "change_message": "[{\"changed\": {\"fields\": [\"Name\", \"Description\"]}}]"}}, {"model": "admin.logentry", "pk": 33, "fields": {"action_time": "2021-05-06T04:04:00.496Z", "user": 1, "content_type": 14, "object_id": "9", "object_repr": "NEW YORKER TOASTED BLT", "action_flag": 2, "change_message": "[{\"changed\": {\"fields\": [\"Name\", \"Description\"]}}]"}}, {"model": "admin.logentry", "pk": 34, "fields": {"action_time": "2021-05-06T04:04:53.891Z", "user": 1, "content_type": 14, "object_id": "2", "object_repr": "LEBANESE FLAT BREAD", "action_flag": 2, "change_message": "[{\"changed\": {\"fields\": [\"Name\", \"Description\", \"Image url\"]}}]"}}, {"model": "admin.logentry", "pk": 35, "fields": {"action_time": "2021-05-06T04:06:00.672Z", "user": 1, "content_type": 14, "object_id": "1", "object_repr": "SOUP OF THE DAY", "action_flag": 2, "change_message": "[{\"changed\": {\"fields\": [\"Name\", \"Description\", \"Image url\"]}}]"}}, {"model": "admin.logentry", "pk": 36, "fields": {"action_time": "2021-05-06T04:06:19.396Z", "user": 1, "content_type": 14, "object_id": "18", "object_repr": "PEANUT BLONDIE WITH CARAMEL SAUCE & CARAMEL ICE CREAM", "action_flag": 2, "change_message": "[]"}}, {"model": "admin.logentry", "pk": 37, "fields": {"action_time": "2021-05-06T04:06:41.525Z", "user": 1, "content_type": 14, "object_id": "29", "object_repr": "Sandeman", "action_flag": 2, "change_message": "[{\"changed\": {\"fields\": [\"Description\"]}}]"}}, {"model": "admin.logentry", "pk": 38, "fields": {"action_time": "2021-05-06T04:07:17.791Z", "user": 1, "content_type": 14, "object_id": "30", "object_repr": "Heineken", "action_flag": 1, "change_message": "[{\"added\": {}}]"}}, {"model": "admin.logentry", "pk": 39, "fields": {"action_time": "2021-05-06T04:07:30.453Z", "user": 1, "content_type": 14, "object_id": "29", "object_repr": "SANDEMAN", "action_flag": 2, "change_message": "[{\"changed\": {\"fields\": [\"Name\"]}}]"}}, {"model": "admin.logentry", "pk": 40, "fields": {"action_time": "2021-05-06T04:07:42.147Z", "user": 1, "content_type": 14, "object_id": "30", "object_repr": "HEINEKEN", "action_flag": 2, "change_message": "[{\"changed\": {\"fields\": [\"Name\"]}}]"}}, {"model": "admin.logentry", "pk": 41, "fields": {"action_time": "2021-05-06T04:08:12.483Z", "user": 1, "content_type": 14, "object_id": "31", "object_repr": "BULMERS", "action_flag": 1, "change_message": "[{\"added\": {}}]"}}, {"model": "admin.logentry", "pk": 42, "fields": {"action_time": "2021-05-06T04:08:43.441Z", "user": 1, "content_type": 14, "object_id": "32", "object_repr": "COORS LIGHT", "action_flag": 1, "change_message": "[{\"added\": {}}]"}}, {"model": "admin.logentry", "pk": 43, "fields": {"action_time": "2021-05-06T04:09:26.511Z", "user": 1, "content_type": 14, "object_id": "33", "object_repr": "Fanta", "action_flag": 1, "change_message": "[{\"added\": {}}]"}}, {"model": "admin.logentry", "pk": 44, "fields": {"action_time": "2021-05-06T04:09:53.719Z", "user": 1, "content_type": 14, "object_id": "34", "object_repr": "SPRITE", "action_flag": 1, "change_message": "[{\"added\": {}}]"}}, {"model": "admin.logentry", "pk": 45, "fields": {"action_time": "2021-05-06T04:10:10.587Z", "user": 1, "content_type": 14, "object_id": "35", "object_repr": "7UP", "action_flag": 1, "change_message": "[{\"added\": {}}]"}}, {"model": "admin.logentry", "pk": 46, "fields": {"action_time": "2021-05-06T04:10:37.549Z", "user": 1, "content_type": 14, "object_id": "36", "object_repr": "STILL WATER", "action_flag": 1, "change_message": "[{\"added\": {}}]"}}, {"model": "admin.logentry", "pk": 47, "fields": {"action_time": "2021-05-06T04:11:07.988Z", "user": 1, "content_type": 14, "object_id": "37", "object_repr": "SPARKLING WATER", "action_flag": 1, "change_message": "[{\"added\": {}}]"}}, {"model": "admin.logentry", "pk": 48, "fields": {"action_time": "2021-05-06T04:11:27.800Z", "user": 1, "content_type": 14, "object_id": "38", "object_repr": "COKE", "action_flag": 1, "change_message": "[{\"added\": {}}]"}}, {"model": "admin.logentry", "pk": 49, "fields": {"action_time": "2021-05-06T04:11:50.721Z", "user": 1, "content_type": 14, "object_id": "33", "object_repr": "FANTA", "action_flag": 2, "change_message": "[{\"changed\": {\"fields\": [\"Name\"]}}]"}}, {"model": "admin.logentry", "pk": 50, "fields": {"action_time": "2021-05-06T04:13:47.827Z", "user": 1, "content_type": 14, "object_id": "39", "object_repr": "LEMON FIZZ", "action_flag": 1, "change_message": "[{\"added\": {}}]"}}, {"model": "admin.logentry", "pk": 51, "fields": {"action_time": "2021-05-06T04:15:02.534Z", "user": 1, "content_type": 14, "object_id": "40", "object_repr": "Cosmopolitan", "action_flag": 1, "change_message": "[{\"added\": {}}]"}}, {"model": "admin.logentry", "pk": 52, "fields": {"action_time": "2021-05-06T04:16:50.899Z", "user": 1, "content_type": 14, "object_id": "41", "object_repr": "SWEET TENNESSEE HOT CHOCOLATE", "action_flag": 1, "change_message": "[{\"added\": {}}]"}}, {"model": "admin.logentry", "pk": 53, "fields": {"action_time": "2021-05-06T04:18:05.290Z", "user": 1, "content_type": 14, "object_id": "42", "object_repr": "KIR ROYALE", "action_flag": 1, "change_message": "[{\"added\": {}}]"}}, {"model": "admin.logentry", "pk": 54, "fields": {"action_time": "2021-05-06T04:27:16.922Z", "user": 1, "content_type": 14, "object_id": "43", "object_repr": "FALAFEL & HUMMUS", "action_flag": 1, "change_message": "[{\"added\": {}}]"}}, {"model": "admin.logentry", "pk": 55, "fields": {"action_time": "2021-05-06T04:28:09.308Z", "user": 1, "content_type": 14, "object_id": "44", "object_repr": "GRILLED VEGETABLE & AUBERGINE", "action_flag": 1, "change_message": "[{\"added\": {}}]"}}, {"model": "admin.logentry", "pk": 56, "fields": {"action_time": "2021-05-06T04:29:05.580Z", "user": 1, "content_type": 14, "object_id": "45", "object_repr": "PESTO & VEGAN MOZZARELLA", "action_flag": 1, "change_message": "[{\"added\": {}}]"}}, {"model": "admin.logentry", "pk": 57, "fields": {"action_time": "2021-05-06T04:30:25.193Z", "user": 1, "content_type": 14, "object_id": "46", "object_repr": "CHOCOLATE, BANANA & STRAWBERRIES", "action_flag": 1, "change_message": "[{\"added\": {}}]"}}, {"model": "admin.logentry", "pk": 58, "fields": {"action_time": "2021-05-18T04:30:12.065Z", "user": 1, "content_type": 15, "object_id": "1", "object_repr": "B27A8A0956BC495BB256A609C440E62A", "action_flag": 1, "change_message": "[{\"added\": {}}, {\"added\": {\"name\": \"order line item\", \"object\": \"SOUP OF THE DAY on order B27A8A0956BC495BB256A609C440E62A\"}}]"}}, {"model": "admin.logentry", "pk": 59, "fields": {"action_time": "2021-05-18T04:30:40.346Z", "user": 1, "content_type": 15, "object_id": "1", "object_repr": "B27A8A0956BC495BB256A609C440E62A", "action_flag": 2, "change_message": "[]"}}, {"model": "admin.logentry", "pk": 60, "fields": {"action_time": "2021-05-18T04:31:02.224Z", "user": 1, "content_type": 15, "object_id": "1", "object_repr": "B27A8A0956BC495BB256A609C440E62A", "action_flag": 2, "change_message": "[{\"changed\": {\"name\": \"order line item\", \"object\": \"SOUP OF THE DAY on order B27A8A0956BC495BB256A609C440E62A\", \"fields\": [\"Quantity\"]}}]"}}, {"model": "admin.logentry", "pk": 61, "fields": {"action_time": "2021-05-18T04:32:58.970Z", "user": 1, "content_type": 15, "object_id": "1", "object_repr": "B27A8A0956BC495BB256A609C440E62A", "action_flag": 2, "change_message": "[]"}}, {"model": "admin.logentry", "pk": 62, "fields": {"action_time": "2021-05-18T04:43:34.014Z", "user": 1, "content_type": 15, "object_id": "2", "object_repr": "1E39E34B6A7B4B7187617F14F516061F", "action_flag": 1, "change_message": "[{\"added\": {}}, {\"added\": {\"name\": \"order line item\", \"object\": \"LEBANESE FLAT BREAD on order 1E39E34B6A7B4B7187617F14F516061F\"}}]"}}, {"model": "admin.logentry", "pk": 63, "fields": {"action_time": "2021-05-18T04:43:48.701Z", "user": 1, "content_type": 15, "object_id": "2", "object_repr": "1E39E34B6A7B4B7187617F14F516061F", "action_flag": 2, "change_message": "[{\"changed\": {\"name\": \"order line item\", \"object\": \"LEBANESE FLAT BREAD on order 1E39E34B6A7B4B7187617F14F516061F\", \"fields\": [\"Quantity\"]}}]"}}, {"model": "admin.logentry", "pk": 64, "fields": {"action_time": "2021-05-18T04:45:17.419Z", "user": 1, "content_type": 15, "object_id": "2", "object_repr": "1E39E34B6A7B4B7187617F14F516061F", "action_flag": 2, "change_message": "[{\"changed\": {\"name\": \"order line item\", \"object\": \"LEBANESE FLAT BREAD on order 1E39E34B6A7B4B7187617F14F516061F\", \"fields\": [\"Quantity\"]}}]"}}, {"model": "admin.logentry", "pk": 65, "fields": {"action_time": "2021-05-18T04:46:20.335Z", "user": 1, "content_type": 15, "object_id": "2", "object_repr": "1E39E34B6A7B4B7187617F14F516061F", "action_flag": 2, "change_message": "[{\"changed\": {\"name\": \"order line item\", \"object\": \"LEBANESE FLAT BREAD on order 1E39E34B6A7B4B7187617F14F516061F\", \"fields\": [\"Quantity\"]}}]"}}, {"model": "admin.logentry", "pk": 66, "fields": {"action_time": "2021-05-21T03:08:48.756Z", "user": 1, "content_type": 15, "object_id": "2", "object_repr": "1E39E34B6A7B4B7187617F14F516061F", "action_flag": 2, "change_message": "[{\"changed\": {\"fields\": [\"Optional notes\"]}}]"}}, {"model": "admin.logentry", "pk": 67, "fields": {"action_time": "2021-05-21T04:21:56.803Z", "user": 1, "content_type": 15, "object_id": "2", "object_repr": "1E39E34B6A7B4B7187617F14F516061F", "action_flag": 3, "change_message": ""}}, {"model": "admin.logentry", "pk": 68, "fields": {"action_time": "2021-05-21T04:21:56.834Z", "user": 1, "content_type": 15, "object_id": "1", "object_repr": "B27A8A0956BC495BB256A609C440E62A", "action_flag": 3, "change_message": ""}}, {"model": "admin.logentry", "pk": 69, "fields": {"action_time": "2021-05-21T04:22:44.618Z", "user": 1, "content_type": 15, "object_id": "1", "object_repr": "B27A8A0956BC495BB256A609C440E62A", "action_flag": 3, "change_message": ""}}, {"model": "admin.logentry", "pk": 70, "fields": {"action_time": "2021-05-21T04:22:58.839Z", "user": 1, "content_type": 15, "object_id": "2", "object_repr": "1E39E34B6A7B4B7187617F14F516061F", "action_flag": 3, "change_message": ""}}, {"model": "admin.logentry", "pk": 71, "fields": {"action_time": "2021-05-21T04:28:37.514Z", "user": 1, "content_type": 15, "object_id": "1", "object_repr": "B27A8A0956BC495BB256A609C440E62A", "action_flag": 3, "change_message": ""}}, {"model": "admin.logentry", "pk": 72, "fields": {"action_time": "2021-05-21T04:31:21.932Z", "user": 1, "content_type": 15, "object_id": "2", "object_repr": "1E39E34B6A7B4B7187617F14F516061F", "action_flag": 3, "change_message": ""}}, {"model": "admin.logentry", "pk": 73, "fields": {"action_time": "2021-05-21T04:38:21.366Z", "user": 1, "content_type": 15, "object_id": "3", "object_repr": "3A14202887B046B489CE08AF1B7DD3E1", "action_flag": 1, "change_message": "[{\"added\": {}}]"}}, {"model": "admin.logentry", "pk": 74, "fields": {"action_time": "2021-05-21T04:38:33.497Z", "user": 1, "content_type": 15, "object_id": "3", "object_repr": "3A14202887B046B489CE08AF1B7DD3E1", "action_flag": 2, "change_message": "[{\"added\": {\"name\": \"order line item\", \"object\": \"SOUP OF THE DAY on order 3A14202887B046B489CE08AF1B7DD3E1\"}}]"}}, {"model": "admin.logentry", "pk": 75, "fields": {"action_time": "2021-05-25T03:07:33.865Z", "user": 1, "content_type": 15, "object_id": "3", "object_repr": "3A14202887B046B489CE08AF1B7DD3E1", "action_flag": 3, "change_message": ""}}, {"model": "admin.logentry", "pk": 76, "fields": {"action_time": "2021-05-25T03:46:15.659Z", "user": 1, "content_type": 15, "object_id": "3", "object_repr": "3A14202887B046B489CE08AF1B7DD3E1", "action_flag": 3, "change_message": ""}}, {"model": "admin.logentry", "pk": 77, "fields": {"action_time": "2021-05-25T03:46:15.683Z", "user": 1, "content_type": 15, "object_id": "2", "object_repr": "1E39E34B6A7B4B7187617F14F516061F", "action_flag": 3, "change_message": ""}}, {"model": "admin.logentry", "pk": 78, "fields": {"action_time": "2021-05-25T03:46:15.708Z", "user": 1, "content_type": 15, "object_id": "1", "object_repr": "B27A8A0956BC495BB256A609C440E62A", "action_flag": 3, "change_message": ""}}, {"model": "admin.logentry", "pk": 79, "fields": {"action_time": "2021-05-25T03:48:44.555Z", "user": 1, "content_type": 15, "object_id": "1", "object_repr": "E0D848359AE34F348D9ADB30796933BF", "action_flag": 1, "change_message": "[{\"added\": {}}, {\"added\": {\"name\": \"order line item\", \"object\": \"SPICY CHILLI CHICKEN WINGS on order E0D848359AE34F348D9ADB30796933BF\"}}]"}}, {"model": "admin.logentry", "pk": 80, "fields": {"action_time": "2021-05-27T02:47:35.198Z", "user": 1, "content_type": 15, "object_id": "1", "object_repr": "E0D848359AE34F348D9ADB30796933BF", "action_flag": 2, "change_message": "[{\"deleted\": {\"name\": \"order line item\", \"object\": \"SPICY CHILLI CHICKEN WINGS on order E0D848359AE34F348D9ADB30796933BF\"}}]"}}, {"model": "admin.logentry", "pk": 81, "fields": {"action_time": "2021-05-27T02:49:14.298Z", "user": 1, "content_type": 15, "object_id": "2", "object_repr": "38CB3AA3C29440E29AC24DA79A1F9CF6", "action_flag": 2, "change_message": "[{\"deleted\": {\"name\": \"order line item\", \"object\": \"CHOCOLATE BROWNIE on order 38CB3AA3C29440E29AC24DA79A1F9CF6\"}}, {\"deleted\": {\"name\": \"order line item\", \"object\": \"BRAMLEY APPLE TART on order 38CB3AA3C29440E29AC24DA79A1F9CF6\"}}]"}}, {"model": "admin.logentry", "pk": 82, "fields": {"action_time": "2021-05-27T02:49:24.975Z", "user": 1, "content_type": 15, "object_id": "2", "object_repr": "38CB3AA3C29440E29AC24DA79A1F9CF6", "action_flag": 2, "change_message": "[{\"changed\": {\"name\": \"order line item\", \"object\": \"PEANUT BLONDIE WITH CARAMEL SAUCE & CARAMEL ICE CREAM on order 38CB3AA3C29440E29AC24DA79A1F9CF6\", \"fields\": [\"Quantity\"]}}]"}}, {"model": "admin.logentry", "pk": 83, "fields": {"action_time": "2021-05-27T02:49:31.881Z", "user": 1, "content_type": 15, "object_id": "2", "object_repr": "38CB3AA3C29440E29AC24DA79A1F9CF6", "action_flag": 2, "change_message": "[{\"changed\": {\"name\": \"order line item\", \"object\": \"PEANUT BLONDIE WITH CARAMEL SAUCE & CARAMEL ICE CREAM on order 38CB3AA3C29440E29AC24DA79A1F9CF6\", \"fields\": [\"Quantity\"]}}]"}}, {"model": "admin.logentry", "pk": 84, "fields": {"action_time": "2021-05-27T02:49:41.949Z", "user": 1, "content_type": 15, "object_id": "2", "object_repr": "38CB3AA3C29440E29AC24DA79A1F9CF6", "action_flag": 3, "change_message": ""}}, {"model": "admin.logentry", "pk": 85, "fields": {"action_time": "2021-05-27T02:49:51.830Z", "user": 1, "content_type": 15, "object_id": "1", "object_repr": "E0D848359AE34F348D9ADB30796933BF", "action_flag": 3, "change_message": ""}}, {"model": "admin.logentry", "pk": 86, "fields": {"action_time": "2021-06-17T04:29:12.335Z", "user": 1, "content_type": 4, "object_id": "1", "object_repr": "winston", "action_flag": 2, "change_message": "[{\"changed\": {\"fields\": [\"First name\", \"Last name\"]}}]"}}, {"model": "auth.user", "pk": 1, "fields": {"password": "pbkdf2_sha256$260000$rC2xSgHnawKwUIjtSXfLmU$XolpcHmglpSuzDoxIPVefur8Kf6BzZHUq5XB5QuNPfk=", "last_login": "2021-07-30T21:06:03.446Z", "is_superuser": true, "username": "winston", "first_name": "Jack", "last_name": "Vercetti", "email": "winstonvercetti.promotions@gmail.com", "is_staff": true, "is_active": true, "date_joined": "2021-04-16T03:46:17Z", "groups": [], "user_permissions": []}}, {"model": "auth.user", "pk": 2, "fields": {"password": "pbkdf2_sha256$260000$lSNZb6yPdBwYDkJPtCPdNn$Jp8ASMdLj1joQ7FOjy66QZRkSyYVqNCgQKrjWr2kUw4=", "last_login": "2021-06-07T04:45:46.584Z", "is_superuser": false, "username": "jackie", "first_name": "", "last_name": "", "email": "jack@testingkkolk.com", "is_staff": false, "is_active": true, "date_joined": "2021-06-07T04:45:00.913Z", "groups": [], "user_permissions": []}}, {"model": "auth.user", "pk": 3, "fields": {"password": "pbkdf2_sha256$260000$Cn95qzmw956oAx9V175sI8$5Rkp3BdoVikxm3/8lol/Rjm5gu08FcpaREFKerOc3e4=", "last_login": "2021-06-17T03:49:21.441Z", "is_superuser": false, "username": "your.marketer1303@gmail.com", "first_name": "", "last_name": "", "email": "your.marketer1303@gmail.com", "is_staff": false, "is_active": true, "date_joined": "2021-06-17T03:36:39.907Z", "groups": [], "user_permissions": []}}, {"model": "sessions.session", "pk": "0edqrp6i0fivi6xsi3bvyzak39xooyjz", "fields": {"session_data": ".eJxVjDsOwjAQBe_iGlk28SdJSc8ZrLV3FweQLcUJDeLuJFIKaN_Mm7cIsC45rI3mMKEYhRan3y1CelDZAd6h3KpMtSzzFOWuyIM2ea1Iz8vh_gUytLy9raeBnGPPKZFWEJG5M2wtdYAJuU_mrI22to-0Kaicim7Q5IfOADq1RRu8KEyFqxiXeaXPFxZSPx4:1lwFNN:3oUMqfUARdiKJ7P28jLd0t-I1gUFpM0Wo1oTPKlya5A", "expire_date": "2021-07-08T02:45:57.784Z"}}, {"model": "sessions.session", "pk": "0rfh8t92foxsutgvqtjg9ls7edd5hp8f", "fields": {"session_data": "e30:1lq70G:1Du05MhmXoNnqvhwFNaLA84g-ANV6kkMPY8TZ67H0PA", "expire_date": "2021-06-21T04:36:44.191Z"}}, {"model": "sessions.session", "pk": "3jjfsrq6zrcb2ut4svitgf7qjmvkqin5", "fields": {"session_data": "e30:1lq71u:dGcPJ3kvUBMe3K5Xy_dhAsvoj7rawL0TInz_6h2VunE", "expire_date": "2021-06-21T04:38:26.791Z"}}, {"model": "sessions.session", "pk": "4hm3q8xw2op69srf34uoyx9sa1z6mflj", "fields": {"session_data": ".eJxVjMsOwiAQRf-FtSFgeRSX7v0GMjAzUjWQlHZl_HfbpAvd3nPOfYsI61Li2mmOE4qL0OL0uyXIT6o7wAfUe5O51WWektwVedAubw3pdT3cv4MCvWy19RTIOfacM2kFCZkHw9bSAJiRx2zO2mhrx0Sbgsqp5IImHwYD6JT4fAEbKzj6:1lXzYO:xRwF3txt1BAD0a8SmAYxlAFL7udlYOySSu1PEBgv8wY", "expire_date": "2021-05-02T05:01:04.901Z"}}, {"model": "sessions.session", "pk": "5zdqy0h9tu2z4ywdgflvnjlahucilmh4", "fields": {"session_data": ".eJxVjMsOgyAQRf9l1saAAj6W3fcbyACD0jbQiDZtjP9eTVy023vOPStoXOZRL5kmHRz0wKH43QzaO8UDuBvGIZU2xXkKpjyU8qS5vCZHj8vp_gVGzOP-lg11pJRvvLXEGRrnfS28lFSjs863VlRccClbQ7vimGJGdZyarhboFDuimXIOKWp6P8P0gZ5XrFOMFZDxRTpEn6Cfp4UKMDhAv0LFdmnbvjQ1S2o:1m5wnB:3jRxTYk3KHWbrcCEs8MwIGo0BPVpoUH4PsBLT0HzRiQ", "expire_date": "2021-08-03T20:56:41.252Z"}}, {"model": "sessions.session", "pk": "6nrluuqt6fgotoqklt5l5kl03q6ty2k2", "fields": {"session_data": ".eJxVjDkOhDAQBP8yMbI86wNwuPm-AY09Y9hDIHFEiL-vkUiIWuqq7h0i9RB2QAi2AgMBK8CmxFFBR9s6dNsic_dmCMW5dZHSV8YT8IfGflJpGtf5HdWpqIsu6jWx_J6XezsYaBnK2tXSive5zikJaoqcs7HZOTHEiXOT7AMtOtdEKQprr6NvUerWWGKv4fgDfU8--w:1le9iW:FbbW4bd2dPZPRW1u6yGM7hp76c4WfzD_LPZzBJEG1as", "expire_date": "2021-05-19T05:05:00.993Z"}}, {"model": "sessions.session", "pk": "7ixv7wj26rk2h0n7wuc0k654nxiy1fh4", "fields": {"session_data": "eyJiYWciOnsiMSI6NiwiMjQiOjUsIjE4IjoxfX0:1lfTtx:19C9IyL6vsdjA_VY_x6H4vjaaNUUrDNT1bivvo62hnI", "expire_date": "2021-05-22T20:50:17.151Z"}}, {"model": "sessions.session", "pk": "7vidi5jaecf7l9xlrnjex64bvgqi83tx", "fields": {"session_data": "e30:1m9Zin:UEs1qAJ1cwwxtPCU1rF8AnBDQW_fNuOs6z5xj7_4TBE", "expire_date": "2021-08-13T21:07:09.253Z"}}, {"model": "sessions.session", "pk": "97ugrc1sdrqjpugp7byj0gggtl5hnelu", "fields": {"session_data": ".eJxVjMsOwiAQRf9l1qSB8mjL0r3fQAYYLGrAlGo0xn_XJi50e8-55wkOr-vsro0WlyNYEMB-N4_hRGUD8YjlULtQy7pk321K96Wt29dI593X_QvM2ObPWw80kTFpSCGQ4OhjSlIlrUliDDGNQfVCCa1HTx8lcsO9mQQNk1QYDd-ijVrLtTi6X_LyACt6PhnOGTS8kcslVbAJz40YeDyAfUIvwfYMpAArGYgRrHq93q4eTkE:1m5Jk6:6o1mNLbSInB0wTs8qZQ1Jcwb0bbMR6qQSsDc_bs-hog", "expire_date": "2021-08-02T03:14:54.555Z"}}, {"model": "sessions.session", "pk": "9wzd3002w417tptnvjg1ejojjkvtbedn", "fields": {"session_data": ".eJxVjMsOgyAQRf-FtSFQAR_L7vsNZGAGpW2gEU3aGP-9mrhot_ece1ZmYZlHuxSabETWM8mq382Bf1A6AN4hDZn7nOYpOn4o_KSF3zLS83q6f4ERyri_dUMdGROa4D1JAQ5DqFXQmmpAj6H16iKV1Lp1tCsojHCmk9R0tQI04ogWKiXmZOn9itOH9aJiDgbWr9v2BSW5QwM:1leViA:KGESWmmx95fQFq8KDFjkZiejkgZxt4Sea92TI5y_ABg", "expire_date": "2021-05-20T04:34:06.680Z"}}, {"model": "sessions.session", "pk": "c2ad86n4sdm5dq1ajzlpw37ukey31hqw", "fields": {"session_data": ".eJxVjDsOgzAQBe-ydWTZwR9MmT5nsNbeNSaJQMJQIe4ekGho38y8DSL20G37AwKuSwlr5TkMBB0ouG0R05fHE9AHx34SaRqXeYjiVMRFq3hPxL_X5d4OCtZy1MaxZ2uzyymxkhgp50ZnY7hBSpTbpJ9KK2PayIdC0spovWLnG41kJex_CJk7xg:1ljwvh:bynCEYcuqWgToco35oG5gs6FLR1xZWdpok0zk4jokkY", "expire_date": "2021-06-04T04:38:33.727Z"}}, {"model": "sessions.session", "pk": "gaf1jo0vq2rmt9xkzcuni8rv2lrsako4", "fields": {"session_data": ".eJxljMsOgjAQRf-la0KAtryW7v2GZmY6lSq2hoLRGP9dMcTEuD3n3PsQQBSXMJsrT955tobP4EfRh2Ucs69dEk-iF5XIhIFlHj7AePvPEOjEYRX2COEQc4phnjzma5JvNuX7aHncbe3PwQBpeK91LZ2SigkkQlN1qqIWa9shse2KCnXdcF04rR0RoGLZtKVmJ8sSG2ytW08Tp-RjMHy7-Oku-uL5Ap0IUWc:1lq790:DgLPSE9i4VkLIG3rt8HhWBfAun6Vb-iUUnmwFgCLmMs", "expire_date": "2021-06-21T04:45:46.702Z"}}, {"model": "sessions.session", "pk": "kuxwwhr94r3zuos4f5oikf4sq9050eaj", "fields": {"session_data": "e30:1ltiYw:PzjwEovX2M5BGErvm2IJ99WWABbB2qd6AdCuWetRRP8", "expire_date": "2021-07-01T03:19:26.039Z"}}, {"model": "sessions.session", "pk": "l2hkxtp3sf96jsu2n5ozfgpcypfyrp8a", "fields": {"session_data": ".eJxVjMEOwiAQBf-Fc9OABVp69O43kIVdLGrAQGs0xn-3TXrQ65t582YWlnmyS6ViI7KRCdb8bg78ldIG8ALpnFuf01yiazel3WltTxnpdtzdv8AEdVrfqidDWoc-eE-Cg8MQOhmUog7QYxi8PAgplBocrQpyzZ02gnrTSUDNt2ilWmNOlp73WF5sFAduNOcNq_AgG1PIbJzLQp8v52VHjQ:1ltjfI:LuNd-AUnWU9uI4vj7yy6E41xk_bk-qAvP2IHLKJuHoI", "expire_date": "2021-07-01T04:30:04.403Z"}}, {"model": "sessions.session", "pk": "l707rl5l9ynwpny19jxu35bg9o30nutq", "fields": {"session_data": ".eJwli8ENwCAMA3e5dz4EVMDbtJ8OgdidKHzubEtefO-PFhV140HVKAPNEGqGoxJ5prxc3dHj5KGWbSR7cO8DEUgRZQ:1ldmnu:4AkoDOLaJWPqhCNitGJ3FppJ5hEYxS7G6cFW0Z8GhkU", "expire_date": "2021-05-18T04:37:02.498Z"}}, {"model": "sessions.session", "pk": "lzx1p3eznsgrgctf2dpccs0b3pv412k0", "fields": {"session_data": "eyJiYWciOnsiMjIiOjIsIjIzIjoxfX0:1ldO6S:OE2T2EktgyeAjMTPxcywk6wZwnXf9v1GrcwLc2Iflsk", "expire_date": "2021-05-17T02:14:32.909Z"}}, {"model": "sessions.session", "pk": "od51xledp44qehop7z30rfxiyzl9bxrk", "fields": {"session_data": "eyJiYWciOnsiMSI6MX19:1lq6zt:vE7noQdVNN8PGLRkqggQ8-tFwCqNBAcu_h5Qni_fiSY", "expire_date": "2021-06-21T04:36:21.458Z"}}, {"model": "sessions.session", "pk": "qvoomt38zpgrhy2ebsdnq2worpkaf7qe", "fields": {"session_data": ".eJxVjDsOwjAQBe-yNbJsYjufkp4zWGvvLgkgW4oTGsTdSaQ0ad_MvC9U_HCYshQYlnnlCwRclzGslecwEQxg4LRFTC_OO6An5kdRqeRlnqLaFXXQqu6F-H073NPBiHXcatdyz95LKymx0RhJpLHiHDdIiaRL9mqsca6LvCmkvY6-N9z2jUXyGn5_bz0_Hg:1lm794:GeyolNhlDzdD8Xkm2kD02WmmwS5m2oy8eavi29Lppg0", "expire_date": "2021-06-10T03:57:18.386Z"}}, {"model": "sessions.session", "pk": "t0se1zcrqanzpuqgbyapfzz52eo9vfxp", "fields": {"session_data": ".eJxVjkEOgyAURO_y18aACirL7nsG8oGP0jbQiDZtjHevJm7cznszmRUyfkiH6BMoj69MBWhc5lEvmSYdHCjgcMkM2ifFA7gHxiGVNsV5CqY8lPKkubwnR6_b6V4GRszj3hYt9SSlb721xBka533deCGoRmed72xT8YYL0RnaFcckM7Ln1PZ1g06yYzRTziFFTd93mH6geMV6yVgBBgdQ635d8W37A5axS4Q:1m09Dn:v0m_mVzpxc3D4nZ4Kqd7Zh3b--t6ut-rsDzh1jaXjFo", "expire_date": "2021-07-18T21:00:11.650Z"}}, {"model": "sessions.session", "pk": "usjx9dua2e6gf7ld4qpno4wt8i94ry45", "fields": {"session_data": "e30:1ltimz:xDFaS9o0V7Sr_GSRLut1rpFd6THrIAjr_oBB49bvnTw", "expire_date": "2021-07-01T03:33:57.088Z"}}, {"model": "sessions.session", "pk": "wwt7rdim8y0kovj5qwnk18rv8ow338ug", "fields": {"session_data": ".eJwlirkVgDAMQ3dRnQKLnNoGGobIy-44TqOva-J9PmjCDLIE3tBwFIgJu9voUHaMc2FsJbocnjH0ULvOq0HVk4Nr_TaPFEs:1ldO4z:WXO3f54IN0LwnbJJaezGwGdxe-Y48zIGMGSmwaFdLHY", "expire_date": "2021-05-17T02:13:01.635Z"}}, {"model": "sites.site", "pk": 1, "fields": {"domain": "cih-takeaway.example.com", "name": "Cork International Hotel Takeaway Service"}}, {"model": "account.emailaddress", "pk": 1, "fields": {"user": 1, "email": "winstonvercetti.promotions@gmail.com", "verified": true, "primary": true}}, {"model": "account.emailaddress", "pk": 2, "fields": {"user": 2, "email": "jack@testingkkolk.com", "verified": true, "primary": true}}, {"model": "account.emailaddress", "pk": 3, "fields": {"user": 3, "email": "your.marketer1303@gmail.com", "verified": true, "primary": true}}, {"model": "items.category", "pk": 1, "fields": {"name": "mains", "friendly_name": "Main Courses"}}, {"model": "items.category", "pk": 2, "fields": {"name": "starters", "friendly_name": "Starters"}}, {"model": "items.category", "pk": 3, "fields": {"name": "vegan", "friendly_name": "Vegan Options"}}, {"model": "items.category", "pk": 4, "fields": {"name": "desserts", "friendly_name": "Desserts"}}, {"model": "items.category", "pk": 5, "fields": {"name": "beers", "friendly_name": "Beers"}}, {"model": "items.category", "pk": 6, "fields": {"name": "cocktails", "friendly_name": "Cocktails"}}, {"model": "items.category", "pk": 7, "fields": {"name": "soft_drinks", "friendly_name": "Soft Drinks"}}, {"model": "items.category", "pk": 8, "fields": {"name": "wines", "friendly_name": "Wines"}}, {"model": "items.item", "pk": 1, "fields": {"category": 2, "name": "SOUP OF THE DAY", "description": "Served with homemade brown bread.\r\nPlease check allergens when ordering", "allergens": "[G]", "price": "5.50", "rating": "4.6"}}, {"model": "items.item", "pk": 2, "fields": {"category": 2, "name": "LEBANESE FLAT BREAD", "description": "Shredded Beef Brisket, Toasted Cashews & Dressed Leaves. Topped with sun-dried tomato hummus", "allergens": "[G], [D], [N], [Ss]", "price": "8.50", "rating": "4.8"}}, {"model": "items.item", "pk": 3, "fields": {"category": 2, "name": "SWEET POTATO & CHICKPEA FALAFEL", "description": "Served with Tzatziki", "allergens": "[D]", "price": "8.50", "rating": "4.7"}}, {"model": "items.item", "pk": 4, "fields": {"category": 2, "name": "SPICY CHILLI CHICKEN WINGS", "description": "With blue cheese dip", "allergens": "[E], [D], [G]", "price": "9.50", "rating": "4.5"}}, {"model": "items.item", "pk": 5, "fields": {"category": 2, "name": "SLOW COOKED BBQ PORK RIBS", "description": "Served with Garlic Mayo", "allergens": "[E], [C]", "price": "9.50", "rating": "4.9"}}, {"model": "items.item", "pk": 6, "fields": {"category": 2, "name": "HALLOUMI CHEESE, BEETROOT, CARAMELIZED RED ONION & PEANUT PRALINE SALAD", "description": "Served with Raspberry Vinaigrette", "allergens": "[D], [N]", "price": "9.50", "rating": "4.3"}}, {"model": "items.item", "pk": 7, "fields": {"category": 2, "name": "THAI FISH CAKE", "description": "Served with a Chili Chutney", "allergens": "[F]", "price": "9.50", "rating": "4.2"}}, {"model": "items.item", "pk": 8, "fields": {"category": 2, "name": "MONKFISH SCAMPI", "description": "Served with Spicy Tomato Sauce", "allergens": "[G], [F]", "price": "9.38", "rating": "4.2"}}, {"model": "items.item", "pk": 9, "fields": {"category": 1, "name": "NEW YORKER TOASTED BLT", "description": "Bacon, Lettuce & thick-cut sour dough bread served with Salad & Chips", "allergens": "[D], [Gw]", "price": "11.00", "rating": "4.6"}}, {"model": "items.item", "pk": 10, "fields": {"category": 1, "name": "CURRY OF THE WEEK", "description": "Changes daily, please ask when ordering for more information\r\nWith chicken\r\nWith prawns [Cr]", "allergens": "[Cr]", "price": "16.50", "rating": "4.4"}}, {"model": "items.item", "pk": 11, "fields": {"category": 1, "name": "ROAST OF THE DAY (SUNDAY ONLY)", "description": "Changes weekly, please ask when ordering for more information", "allergens": "n/a", "price": "15.95", "rating": "4.6"}}, {"model": "items.item", "pk": 12, "fields": {"category": 1, "name": "TRADITIONAL CRISPY BEER BATTERED FISH & CHIPS", "description": "Served with Tartar Sauce & Pea Puree", "allergens": "[G], [F]", "price": "16.50", "rating": "4.9"}}, {"model": "items.item", "pk": 13, "fields": {"category": 1, "name": "SALT & PEPPER SMOKED TOFU SKEWERS", "description": "Served with Stir-Fried Rice & Satay Sauce", "allergens": "[G], [Sb], [P]", "price": "16.50", "rating": "4.8"}}, {"model": "items.item", "pk": 14, "fields": {"category": 1, "name": "DOUBLE BEEF BURGER", "description": "Served in a brioche bun with Melted Cheese, Tomato Relish, Lettuce, Tomato, Onion, Sliced Gherkins Cajun Coleslaw & Chips", "allergens": "[D], [G]", "price": "17.00", "rating": "4.9"}}, {"model": "items.item", "pk": 15, "fields": {"category": 1, "name": "BUTTERMILK BUFFALO CHICKEN BURGER", "description": "In a brioche bun grilled Halloumi Cheese, served with Lettuce, Tomato, Onions, Cajun Coleslaw & Chips", "allergens": "[G], [D], [E]", "price": "17.00", "rating": "4.7"}}, {"model": "items.item", "pk": 16, "fields": {"category": 1, "name": "PAN SEARED SALMON", "description": "Served with a Butternut Squash & Courgettes Linguini in a Cream Sauce", "allergens": "[G], [F], [D]", "price": "19.50", "rating": "4.9"}}, {"model": "items.item", "pk": 17, "fields": {"category": 1, "name": "10OZ SIRLOIN STEAK", "description": "Crispy Onion Rings, Mushroom Duxelle, Brandy Pepper Sauce & Chips", "allergens": "[X], [D], [G]", "price": "26.00", "rating": "5.0"}}, {"model": "items.item", "pk": 18, "fields": {"category": 4, "name": "PEANUT BLONDIE WITH CARAMEL SAUCE & CARAMEL ICE CREAM", "description": "With Chocolate chip Cookie", "allergens": "[E], [D], [G]", "price": "7.00", "rating": "4.7"}}, {"model": "items.item", "pk": 19, "fields": {"category": 4, "name": "CHOCOLATE BROWNIE", "description": "With Chocolate Sauce & Vanilla Ice-Cream", "allergens": "[E], [D], [G]", "price": "7.00", "rating": "4.8"}}, {"model": "items.item", "pk": 20, "fields": {"category": 4, "name": "ICE CREAM SELECTION", "description": "With chocolate chip cookies", "allergens": "[D], [G]", "price": "7.00", "rating": "4.1"}}, {"model": "items.item", "pk": 21, "fields": {"category": 4, "name": "BRAMLEY APPLE TART", "description": "Served with ice cream & Creme Anglaise", "allergens": "[E], [D], [G]", "price": "7.00", "rating": "4.9"}}, {"model": "items.item", "pk": 22, "fields": {"category": 4, "name": "LEMON DRIZZLE CAKES", "description": "A dense, zesty, sweet dessert", "allergens": "[D], [G], [E], [Gw], [N]", "price": "20.00", "rating": "4.9"}}, {"model": "items.item", "pk": 23, "fields": {"category": 8, "name": "LIGHT LIPS PINOT GRIGIO (WHITE)", "description": "(Low Alcohol 5%) Italy", "allergens": "n/a", "price": "15.00", "rating": "4.7"}}, {"model": "items.item", "pk": 24, "fields": {"category": 8, "name": "REAL COMPAUIA DE VINOS VERDEJO (WHITE)", "description": "Spain", "allergens": null, "price": "15.00", "rating": "4.6"}}, {"model": "items.item", "pk": 25, "fields": {"category": 8, "name": "MCGUIGAN BLACK LABEL FRIZZANTE (WHITE)", "description": "Australia", "allergens": null, "price": "15.00", "rating": "4.3"}}, {"model": "items.item", "pk": 26, "fields": {"category": 8, "name": "TIGER HORSE CHENIN BLANCE- PINOT GRIGIO (WHITE)", "description": "South Africa", "allergens": null, "price": "15.00", "rating": null}}, {"model": "items.item", "pk": 27, "fields": {"category": 8, "name": "TIGER HORSE CINSAULT (RED)", "description": "South Africa", "allergens": null, "price": "15.00", "rating": "4.7"}}, {"model": "items.item", "pk": 28, "fields": {"category": 8, "name": "LE BOSQ ROUGE (RED)", "description": "France", "allergens": null, "price": "15.00", "rating": "4.8"}}, {"model": "items.item", "pk": 29, "fields": {"category": 8, "name": "SANDEMAN", "description": "Portugal\r\nRuby Tawny Porto", "allergens": "n/a", "price": "17.50", "rating": "5.0"}}, {"model": "items.item", "pk": 30, "fields": {"category": 5, "name": "HEINEKEN", "description": "btl 0.33l", "allergens": "n/a", "price": "4.80", "rating": "4.9"}}, {"model": "items.item", "pk": 31, "fields": {"category": 5, "name": "BULMERS", "description": "btl 0.5l", "allergens": "n/a", "price": "5.50", "rating": "4.7"}}, {"model": "items.item", "pk": 32, "fields": {"category": 5, "name": "COORS LIGHT", "description": "btl 0.5l", "allergens": "n/a", "price": "5.50", "rating": "4.6"}}, {"model": "items.item", "pk": 33, "fields": {"category": 7, "name": "FANTA", "description": "btl 0.3l", "allergens": "n/a", "price": "3.50", "rating": "4.5"}}, {"model": "items.item", "pk": 34, "fields": {"category": 7, "name": "SPRITE", "description": "btl 0.33l", "allergens": "n/a", "price": "3.50", "rating": "4.6"}}, {"model": "items.item", "pk": 35, "fields": {"category": 7, "name": "7UP", "description": "btl 0.33l", "allergens": "n/a", "price": "3.50", "rating": "4.4"}}, {"model": "items.item", "pk": 36, "fields": {"category": 7, "name": "STILL WATER", "description": "btl 0.5l", "allergens": "n/a", "price": "2.50", "rating": "4.9"}}, {"model": "items.item", "pk": 37, "fields": {"category": 7, "name": "SPARKLING WATER", "description": "btl 0.5l", "allergens": "n/a", "price": "2.50", "rating": "4.9"}}, {"model": "items.item", "pk": 38, "fields": {"category": 7, "name": "COKE", "description": "btl 0.33l", "allergens": "n/a", "price": "3.60", "rating": "4.9"}}, {"model": "items.item", "pk": 39, "fields": {"category": 6, "name": "LEMON FIZZ", "description": "Simple, light, citrusy and refreshing\r\nGIn, Limoncello, Sparkling Water", "allergens": "n/a", "price": "9.50", "rating": "4.4"}}, {"model": "items.item", "pk": 40, "fields": {"category": 6, "name": "Cosmopolitan", "description": "One of the most iconic blends of liquor and juice \r\nVodka, Triple Sec, Cranberry and Lime Juice", "allergens": "n/a", "price": "9.50", "rating": "4.8"}}, {"model": "items.item", "pk": 41, "fields": {"category": 6, "name": "SWEET TENNESSEE HOT CHOCOLATE", "description": "The perfect way to warm yourself on a cold winter's night \r\nJack Daniels Honey, Cadbury's Hot Chocolate, Steamed milk", "allergens": "[D],[M]", "price": "9.50", "rating": "4.6"}}, {"model": "items.item", "pk": 42, "fields": {"category": 6, "name": "KIR ROYALE", "description": "This mixture of prosecco and berries is the perfect aperitif \r\nProsecco, Creme De Casis, Black Berries", "allergens": "n/a", "price": "9.50", "rating": "4.8"}}, {"model": "items.item", "pk": 43, "fields": {"category": 3, "name": "FALAFEL & HUMMUS", "description": "Hummus, Falafel, Vegan Mozzarella, Rocket Salad", "allergens": "n/a", "price": "8.00", "rating": "4.3"}}, {"model": "items.item", "pk": 44, "fields": {"category": 3, "name": "GRILLED VEGETABLE & AUBERGINE", "description": "Aubergine Sauce, Grilled vegetables, Falafel, Rocket Salad", "allergens": "n/a", "price": "8.00", "rating": "4.2"}}, {"model": "items.item", "pk": 45, "fields": {"category": 3, "name": "PESTO & VEGAN MOZZARELLA", "description": "Red Pesto, Vegan Mozzarella, Olives, Rocket Salad, Cherry Tomatoes", "allergens": "n/a", "price": "8.00", "rating": "4.2"}}, {"model": "items.item", "pk": 46, "fields": {"category": 3, "name": "CHOCOLATE, BANANA & STRAWBERRIES", "description": "Dark Chocolate, Banana, Strawberries", "allergens": "n/a", "price": "6.00", "rating": "4.2"}}, {"model": "checkout.order", "pk": 3, "fields": {"order_number": "AA0AFD972F9F4C7A943D391EAB56C14E", "user_profile": null, "full_name": "dgksjj", "email": "glsdjghh@sdgs.ie", "phone_number": "gpksjg;", "postcode": "gskgjsl", "town_or_city": "lkgjsd", "street_address1": "sgdlsdgl", "street_address2": null, "date": "2021-05-27T02:52:09.618Z", "pickup_date": "2021-06-05", "pickup_time": "08:51:00", "optional_notes": null, "order_discount": "0.00", "order_total": "28.00", "grand_total": "28.00", "original_bag": "", "stripe_pid": ""}}, {"model": "checkout.order", "pk": 4, "fields": {"order_number": "B8F72E2857E54F80BA4F8B64776115F0", "user_profile": null, "full_name": "gljghwh", "email": "slkgj@tw.ie", "phone_number": "sglhsg", "postcode": "wlg", "town_or_city": "wdlgkj", "street_address1": "sgkm", "street_address2": null, "date": "2021-05-27T03:04:45.562Z", "pickup_date": "2021-05-29", "pickup_time": "10:04:00", "optional_notes": null, "order_discount": "0.00", "order_total": "28.00", "grand_total": "28.00", "original_bag": "", "stripe_pid": ""}}, {"model": "checkout.order", "pk": 5, "fields": {"order_number": "908AAD9E874543BB8F1CB9B9FBA480F7", "user_profile": null, "full_name": "ehh", "email": "4353@gfd.ityq", "phone_number": "dsgslk", "postcode": "glkjgsdj", "town_or_city": "glksdjgsdljk", "street_address1": "gljkgsdjk", "street_address2": null, "date": "2021-05-27T03:08:53.101Z", "pickup_date": "2021-05-29", "pickup_time": "10:08:00", "optional_notes": null, "order_discount": "0.00", "order_total": "16.50", "grand_total": "16.50", "original_bag": "", "stripe_pid": ""}}, {"model": "checkout.order", "pk": 6, "fields": {"order_number": "36A63648DF804218B5367885E55F89A4", "user_profile": null, "full_name": "fgksglkj", "email": "454g@sgs.ot", "phone_number": "gslj", "postcode": null, "town_or_city": "slgkj", "street_address1": "glkdjgs", "street_address2": null, "date": "2021-05-27T03:10:15.853Z", "pickup_date": "2021-05-30", "pickup_time": "10:10:00", "optional_notes": null, "order_discount": "0.00", "order_total": "21.00", "grand_total": "21.00", "original_bag": "", "stripe_pid": ""}}, {"model": "checkout.order", "pk": 7, "fields": {"order_number": "26DFA74A74DD4E2C9C1DBD90737E37E2", "user_profile": null, "full_name": "Jack Vercetti", "email": "jack@testingkkolk.com", "phone_number": "083233621", "postcode": "T22H223", "town_or_city": "Cork", "street_address1": "Wellington Road", "street_address2": null, "date": "2021-05-27T03:57:18.144Z", "pickup_date": "2021-05-30", "pickup_time": "04:01:00", "optional_notes": null, "order_discount": "15.30", "order_total": "153.00", "grand_total": "137.70", "original_bag": "", "stripe_pid": ""}}, {"model": "checkout.order", "pk": 8, "fields": {"order_number": "5E219F4A7B33486F80BB2BA89362BF54", "user_profile": null, "full_name": "Jack Vercetti", "email": "jack@testingkkolk.com", "phone_number": "08323362122", "postcode": "T22H223", "town_or_city": "Cork", "street_address1": "Wellington Road", "street_address2": null, "date": "2021-05-31T04:14:03.855Z", "pickup_date": "2021-06-04", "pickup_time": "11:13:00", "optional_notes": null, "order_discount": "5.60", "order_total": "56.00", "grand_total": "50.40", "original_bag": "", "stripe_pid": ""}}, {"model": "checkout.order", "pk": 9, "fields": {"order_number": "AC1FBFD524874BFFB4D151B06DCD0BC0", "user_profile": null, "full_name": "Jack Vercetti", "email": "jack@testingkkolk.com", "phone_number": "083233621", "postcode": "T22H223", "town_or_city": "Cork", "street_address1": "Wellington Road", "street_address2": null, "date": "2021-05-31T04:16:57.193Z", "pickup_date": "2021-06-05", "pickup_time": "17:16:00", "optional_notes": null, "order_discount": "0.00", "order_total": "27.50", "grand_total": "27.50", "original_bag": "", "stripe_pid": ""}}, {"model": "checkout.order", "pk": 10, "fields": {"order_number": "8931C5BEF2914D279FF7807CC2D84029", "user_profile": null, "full_name": "Jack Vercetti", "email": "jack@testingkkolk.com", "phone_number": "083233621", "postcode": "T22H223", "town_or_city": "Cork", "street_address1": "Wellington Road", "street_address2": null, "date": "2021-05-31T04:20:44.049Z", "pickup_date": "2021-06-04", "pickup_time": "11:20:00", "optional_notes": null, "order_discount": "0.00", "order_total": "7.00", "grand_total": "7.00", "original_bag": "", "stripe_pid": ""}}, {"model": "checkout.order", "pk": 11, "fields": {"order_number": "E20F8B216AA34309B3900744F6B9EFB4", "user_profile": null, "full_name": "Jack Vercetti", "email": "jack@testingkkolk.com", "phone_number": "083233621", "postcode": "T22H223", "town_or_city": "Cork", "street_address1": "Wellington Road", "street_address2": null, "date": "2021-05-31T04:32:01.839Z", "pickup_date": "2021-06-02", "pickup_time": "11:31:00", "optional_notes": null, "order_discount": "0.00", "order_total": "16.50", "grand_total": "16.50", "original_bag": "", "stripe_pid": ""}}, {"model": "checkout.order", "pk": 12, "fields": {"order_number": "E9CF0461E066431B873BFA8CA41AA84E", "user_profile": null, "full_name": "Jack Vercetti", "email": "jack@testingkkolk.com", "phone_number": "083233621", "postcode": "T22H223", "town_or_city": "Cork", "street_address1": "Wellington Road", "street_address2": null, "date": "2021-05-31T05:43:13.875Z", "pickup_date": "2021-06-02", "pickup_time": "11:43:00", "optional_notes": null, "order_discount": "0.00", "order_total": "21.00", "grand_total": "21.00", "original_bag": "{\"18\": 3}", "stripe_pid": "pi_1Ix3tmJkByOrK6im3ZxDLk1i"}}, {"model": "checkout.order", "pk": 13, "fields": {"order_number": "33E6F28148AF4BBD94392788E1F607A3", "user_profile": null, "full_name": "Jack Vercetti", "email": "jack@testingkkolk.com", "phone_number": "083233621", "postcode": "T22H223", "town_or_city": "Cork", "street_address1": "Wellington Road", "street_address2": null, "date": "2021-06-06T20:12:50.794Z", "pickup_date": "2021-06-15", "pickup_time": "03:12:00", "optional_notes": null, "order_discount": "5.90", "order_total": "59.00", "grand_total": "53.10", "original_bag": "{\"19\": 3, \"21\": 1, \"1\": 1, \"2\": 3}", "stripe_pid": "pi_1IzSKGJkByOrK6imIBKZKZyl"}}, {"model": "checkout.order", "pk": 14, "fields": {"order_number": "4753C8AD678D420FA7C0821985C374DB", "user_profile": 3, "full_name": "Jack Vercetti", "email": "jack@testingkkolk.com", "phone_number": "083233621", "postcode": "T22H223", "town_or_city": "Cork", "street_address1": "Wellington Road", "street_address2": null, "date": "2021-06-17T04:21:19.127Z", "pickup_date": "2021-06-24", "pickup_time": "11:21:00", "optional_notes": "no bread please", "order_discount": "0.00", "order_total": "14.00", "grand_total": "14.00", "original_bag": "{\"18\": 2}", "stripe_pid": "pi_1J3CikJkByOrK6im7WgaiQrQ"}}, {"model": "checkout.order", "pk": 15, "fields": {"order_number": "9A8842FA62A246358612DC6F6A0203FD", "user_profile": 3, "full_name": "Jack Vercetti", "email": "winstonvercetti.promotions@gmail.com", "phone_number": "083233621", "postcode": "T22H223", "town_or_city": "Cork", "street_address1": "Wellington Road", "street_address2": null, "date": "2021-06-17T04:30:04.126Z", "pickup_date": "2021-06-29", "pickup_time": "11:29:00", "optional_notes": null, "order_discount": "16.00", "order_total": "160.00", "grand_total": "144.00", "original_bag": "{\"22\": 7, \"37\": 8}", "stripe_pid": "pi_1J3CrFJkByOrK6imIK3lBrSS"}}, {"model": "checkout.order", "pk": 16, "fields": {"order_number": "A2F56F41618E447BBB46017F2D0A034A", "user_profile": 3, "full_name": "Jack Vercetti", "email": "winstonvercetti.promotions@gmail.com", "phone_number": "083233621", "postcode": "T22H223", "town_or_city": "Cork", "street_address1": "Wellington Road", "street_address2": "Adelaideananana", "date": "2021-06-23T03:40:55.932Z", "pickup_date": "2021-06-25", "pickup_time": "10:40:00", "optional_notes": null, "order_discount": "0.00", "order_total": "28.00", "grand_total": "28.00", "original_bag": "{\"18\": 4}", "stripe_pid": "pi_1J5MwhJkByOrK6imHy0fVi99"}}, {"model": "checkout.order", "pk": 17, "fields": {"order_number": "A93EA4991BA045DFB0F315401EB24546", "user_profile": 3, "full_name": "Jack Vercetti", "email": "winstonvercetti.promotions@gmail.com", "phone_number": "083233621", "postcode": "T22H223", "town_or_city": "Cork", "street_address1": "Wellington Road", "street_address2": "After all", "date": "2021-06-23T03:58:30.997Z", "pickup_date": "2021-06-27", "pickup_time": "10:58:00", "optional_notes": null, "order_discount": "0.00", "order_total": "28.50", "grand_total": "28.50", "original_bag": "{\"4\": 3}", "stripe_pid": "pi_1J5NDpJkByOrK6imysN2XXyn"}}, {"model": "checkout.order", "pk": 18, "fields": {"order_number": "D7235241DE73409DA928ED5ACC451E19", "user_profile": 3, "full_name": "Jack Vercetti", "email": "winstonvercetti.promotions@gmail.com", "phone_number": "083233621", "postcode": "T22H223", "town_or_city": "Cork", "street_address1": "Wellington Road", "street_address2": "Alalal", "date": "2021-06-23T04:07:15.763Z", "pickup_date": "2021-06-30", "pickup_time": "11:07:00", "optional_notes": null, "order_discount": "8.00", "order_total": "80.00", "grand_total": "72.00", "original_bag": "{\"22\": 4}", "stripe_pid": "pi_1J5NMTJkByOrK6imPmAUV7vN"}}, {"model": "checkout.order", "pk": 19, "fields": {"order_number": "59FF0E2095E44815BA96D85C54A67278", "user_profile": 3, "full_name": "Jack Vercetti", "email": "winstonvercetti.promotions@gmail.com", "phone_number": "083233621", "postcode": "T22H223", "town_or_city": "Cork", "street_address1": "Wellington Road", "street_address2": "don't save", "date": "2021-06-23T04:26:06.213Z", "pickup_date": "2021-06-26", "pickup_time": "11:25:00", "optional_notes": null, "order_discount": "0.00", "order_total": "38.00", "grand_total": "38.00", "original_bag": "{\"40\": 4}", "stripe_pid": "pi_1J5NebJkByOrK6imFCrIxuHW"}}, {"model": "checkout.order", "pk": 20, "fields": {"order_number": "F23C926C2F8446EBA33DE168544A72E2", "user_profile": 3, "full_name": "Jack Vercetti", "email": "winstonvercetti.promotions@gmail.com", "phone_number": "083233621", "postcode": "42424", "town_or_city": "Cork", "street_address1": "Wellington Road", "street_address2": "i said don't save", "date": "2021-06-24T01:59:57.643Z", "pickup_date": "2021-06-30", "pickup_time": "20:59:00", "optional_notes": null, "order_discount": "0.00", "order_total": "34.00", "grand_total": "34.00", "original_bag": "{\"14\": 2}", "stripe_pid": "pi_1J5hqfJkByOrK6im4IrIzqgB"}}, {"model": "checkout.order", "pk": 21, "fields": {"order_number": "356C3789DEB84B28B59AB6010C18816A", "user_profile": 3, "full_name": "Jack Vercetti", "email": "winstonvercetti.promotions@gmail.com", "phone_number": "083233621", "postcode": "42424", "town_or_city": "Cork", "street_address1": "Wellington Road", "street_address2": "no", "date": "2021-06-24T02:08:13.607Z", "pickup_date": "2021-06-14", "pickup_time": "20:08:00", "optional_notes": "sdgklshshkl", "order_discount": "0.00", "order_total": "35.00", "grand_total": "35.00", "original_bag": "{\"21\": 5}", "stripe_pid": "pi_1J5hyjJkByOrK6imsa5Yr4Li"}}, {"model": "checkout.order", "pk": 22, "fields": {"order_number": "652B44F2D34F4A0ABDFB63C6E5D06C8B", "user_profile": 3, "full_name": "Jack Vercetti", "email": "winstonvercetti.promotions@gmail.com", "phone_number": "083233621", "postcode": "42424", "town_or_city": "Cork", "street_address1": "Wellington Road", "street_address2": "XXXXXXXXXXXXXXXXXXXXX", "date": "2021-06-24T02:09:35.843Z", "pickup_date": "2021-06-30", "pickup_time": "23:09:00", "optional_notes": null, "order_discount": "0.00", "order_total": "24.50", "grand_total": "24.50", "original_bag": "{\"33\": 7}", "stripe_pid": "pi_1J5hzxJkByOrK6imhBYLQA4D"}}, {"model": "checkout.order", "pk": 23, "fields": {"order_number": "016B2889C2BA4B39B259BF22497D5343", "user_profile": 3, "full_name": "Jack Vercetti", "email": "winstonvercetti.promotions@gmail.com", "phone_number": "083233621", "postcode": "42424", "town_or_city": "Cork", "street_address1": "Wellington Road", "street_address2": "i said don't save", "date": "2021-06-24T02:38:04.337Z", "pickup_date": "2021-06-26", "pickup_time": "09:37:00", "optional_notes": null, "order_discount": "0.00", "order_total": "7.00", "grand_total": "7.00", "original_bag": "{\"18\": 1}", "stripe_pid": "pi_1J5iG8JkByOrK6imspPp08XQ"}}, {"model": "checkout.order", "pk": 24, "fields": {"order_number": "27AF6338539947779F8DD505EFF46E18", "user_profile": 3, "full_name": "Jack Vercetti", "email": "winstonvercetti.promotions@gmail.com", "phone_number": "083233621", "postcode": "42424", "town_or_city": "Cork", "street_address1": "Wellington Road", "street_address2": "i said don't save", "date": "2021-06-24T02:40:41.091Z", "pickup_date": "2021-07-08", "pickup_time": "20:40:00", "optional_notes": null, "order_discount": "0.00", "order_total": "11.00", "grand_total": "11.00", "original_bag": "{\"1\": 2}", "stripe_pid": "pi_1J5iUGJkByOrK6impUbl6pU4"}}, {"model": "checkout.order", "pk": 25, "fields": {"order_number": "726B6C6E6ECD47ED8A8BB72C396D738D", "user_profile": 3, "full_name": "Jack Vercetti", "email": "winstonvercetti.promotions@gmail.com", "phone_number": "083233621", "postcode": "42424", "town_or_city": "Cork", "street_address1": "Wellington Road", "street_address2": "i said don't save", "date": "2021-06-24T02:45:57.446Z", "pickup_date": "2021-06-21", "pickup_time": "05:45:00", "optional_notes": null, "order_discount": "0.00", "order_total": "28.50", "grand_total": "28.50", "original_bag": "{\"5\": 3}", "stripe_pid": "pi_1J5iZPJkByOrK6imDJsAfdQi"}}, {"model": "checkout.order", "pk": 26, "fields": {"order_number": "7F9E18219DFF4CCA904211451CC764BE", "user_profile": null, "full_name": "Jack Vercetti", "email": "jack@testingkkolk.com", "phone_number": "083233621", "postcode": "T22H223", "town_or_city": "Cork", "street_address1": "Wellington Road", "street_address2": null, "date": "2021-07-04T20:57:50.446Z", "pickup_date": "2021-07-29", "pickup_time": "03:57:00", "optional_notes": null, "order_discount": "0.00", "order_total": "11.00", "grand_total": "11.00", "original_bag": "{\"1\": 2}", "stripe_pid": "pi_1J9cNTJkByOrK6im7wE5onIm"}}, {"model": "checkout.order", "pk": 27, "fields": {"order_number": "DA4A740BC02B4366B079458DB202C26F", "user_profile": 3, "full_name": "Jack Vercetti", "email": "winstonvercetti.promotions@gmail.com", "phone_number": "083233621", "postcode": "42424", "town_or_city": "Cork hopefully i didn't save", "street_address1": "Wellington Road", "street_address2": "i said don't save", "date": "2021-07-11T20:56:47.650Z", "pickup_date": "2021-07-23", "pickup_time": "18:02:00", "optional_notes": "test after a while", "order_discount": "5.85", "order_total": "58.50", "grand_total": "52.65", "original_bag": "{\"1\": 2, \"5\": 4, \"4\": 1}", "stripe_pid": "pi_1JC9gwJkByOrK6imqrFFaiQz"}}, {"model": "checkout.order", "pk": 28, "fields": {"order_number": "09876E0C5E6E450CB13F00F8CE760927", "user_profile": 3, "full_name": "Jack Vercetti", "email": "winstonvercetti.promotions@gmail.com", "phone_number": "083233621", "postcode": "42424", "town_or_city": "Cork", "street_address1": "Wellington Road", "street_address2": "i said don't save", "date": "2021-07-20T20:45:45.979Z", "pickup_date": "2021-07-28", "pickup_time": "03:45:00", "optional_notes": null, "order_discount": "0.00", "order_total": "16.50", "grand_total": "16.50", "original_bag": "{\"1\": 3}", "stripe_pid": "pi_1JFPodJkByOrK6imOxGKZXDe"}}, {"model": "checkout.order", "pk": 29, "fields": {"order_number": "3816DBAD1B084172B6FD436F8A56CEB5", "user_profile": 3, "full_name": "Jack Vercetti", "email": "winstonvercetti.promotions@gmail.com", "phone_number": "083233621", "postcode": "42424", "town_or_city": "Cork", "street_address1": "Wellington Road", "street_address2": "i said don't save", "date": "2021-07-20T20:54:38.673Z", "pickup_date": "2021-07-13", "pickup_time": "03:54:00", "optional_notes": null, "order_discount": "0.00", "order_total": "38.50", "grand_total": "38.50", "original_bag": "{\"1\": 7}", "stripe_pid": "pi_1JFPxAJkByOrK6imRu4aOuu1"}}, {"model": "checkout.orderlineitem", "pk": 8, "fields": {"order": 3, "item": 18, "quantity": 4, "lineitem_total": "28.00"}}, {"model": "checkout.orderlineitem", "pk": 9, "fields": {"order": 4, "item": 18, "quantity": 4, "lineitem_total": "28.00"}}, {"model": "checkout.orderlineitem", "pk": 10, "fields": {"order": 5, "item": 1, "quantity": 3, "lineitem_total": "16.50"}}, {"model": "checkout.orderlineitem", "pk": 11, "fields": {"order": 6, "item": 18, "quantity": 3, "lineitem_total": "21.00"}}, {"model": "checkout.orderlineitem", "pk": 12, "fields": {"order": 7, "item": 1, "quantity": 14, "lineitem_total": "77.00"}}, {"model": "checkout.orderlineitem", "pk": 13, "fields": {"order": 7, "item": 4, "quantity": 4, "lineitem_total": "38.00"}}, {"model": "checkout.orderlineitem", "pk": 14, "fields": {"order": 7, "item": 7, "quantity": 4, "lineitem_total": "38.00"}}, {"model": "checkout.orderlineitem", "pk": 15, "fields": {"order": 8, "item": 1, "quantity": 2, "lineitem_total": "11.00"}}, {"model": "checkout.orderlineitem", "pk": 16, "fields": {"order": 8, "item": 5, "quantity": 3, "lineitem_total": "28.50"}}, {"model": "checkout.orderlineitem", "pk": 17, "fields": {"order": 8, "item": 13, "quantity": 1, "lineitem_total": "16.50"}}, {"model": "checkout.orderlineitem", "pk": 18, "fields": {"order": 9, "item": 1, "quantity": 5, "lineitem_total": "27.50"}}, {"model": "checkout.orderlineitem", "pk": 19, "fields": {"order": 10, "item": 18, "quantity": 1, "lineitem_total": "7.00"}}, {"model": "checkout.orderlineitem", "pk": 20, "fields": {"order": 11, "item": 1, "quantity": 3, "lineitem_total": "16.50"}}, {"model": "checkout.orderlineitem", "pk": 21, "fields": {"order": 12, "item": 18, "quantity": 3, "lineitem_total": "21.00"}}, {"model": "checkout.orderlineitem", "pk": 22, "fields": {"order": 13, "item": 19, "quantity": 3, "lineitem_total": "21.00"}}, {"model": "checkout.orderlineitem", "pk": 23, "fields": {"order": 13, "item": 21, "quantity": 1, "lineitem_total": "7.00"}}, {"model": "checkout.orderlineitem", "pk": 24, "fields": {"order": 13, "item": 1, "quantity": 1, "lineitem_total": "5.50"}}, {"model": "checkout.orderlineitem", "pk": 25, "fields": {"order": 13, "item": 2, "quantity": 3, "lineitem_total": "25.50"}}, {"model": "checkout.orderlineitem", "pk": 26, "fields": {"order": 14, "item": 18, "quantity": 2, "lineitem_total": "14.00"}}, {"model": "checkout.orderlineitem", "pk": 27, "fields": {"order": 15, "item": 22, "quantity": 7, "lineitem_total": "140.00"}}, {"model": "checkout.orderlineitem", "pk": 28, "fields": {"order": 15, "item": 37, "quantity": 8, "lineitem_total": "20.00"}}, {"model": "checkout.orderlineitem", "pk": 29, "fields": {"order": 16, "item": 18, "quantity": 4, "lineitem_total": "28.00"}}, {"model": "checkout.orderlineitem", "pk": 30, "fields": {"order": 17, "item": 4, "quantity": 3, "lineitem_total": "28.50"}}, {"model": "checkout.orderlineitem", "pk": 31, "fields": {"order": 18, "item": 22, "quantity": 4, "lineitem_total": "80.00"}}, {"model": "checkout.orderlineitem", "pk": 32, "fields": {"order": 19, "item": 40, "quantity": 4, "lineitem_total": "38.00"}}, {"model": "checkout.orderlineitem", "pk": 33, "fields": {"order": 20, "item": 14, "quantity": 2, "lineitem_total": "34.00"}}, {"model": "checkout.orderlineitem", "pk": 34, "fields": {"order": 21, "item": 21, "quantity": 5, "lineitem_total": "35.00"}}, {"model": "checkout.orderlineitem", "pk": 35, "fields": {"order": 22, "item": 33, "quantity": 7, "lineitem_total": "24.50"}}, {"model": "checkout.orderlineitem", "pk": 36, "fields": {"order": 23, "item": 18, "quantity": 1, "lineitem_total": "7.00"}}, {"model": "checkout.orderlineitem", "pk": 37, "fields": {"order": 24, "item": 1, "quantity": 2, "lineitem_total": "11.00"}}, {"model": "checkout.orderlineitem", "pk": 38, "fields": {"order": 25, "item": 5, "quantity": 3, "lineitem_total": "28.50"}}, {"model": "checkout.orderlineitem", "pk": 39, "fields": {"order": 26, "item": 1, "quantity": 2, "lineitem_total": "11.00"}}, {"model": "checkout.orderlineitem", "pk": 40, "fields": {"order": 27, "item": 1, "quantity": 2, "lineitem_total": "11.00"}}, {"model": "checkout.orderlineitem", "pk": 41, "fields": {"order": 27, "item": 5, "quantity": 4, "lineitem_total": "38.00"}}, {"model": "checkout.orderlineitem", "pk": 42, "fields": {"order": 27, "item": 4, "quantity": 1, "lineitem_total": "9.50"}}, {"model": "checkout.orderlineitem", "pk": 43, "fields": {"order": 28, "item": 1, "quantity": 3, "lineitem_total": "16.50"}}, {"model": "checkout.orderlineitem", "pk": 44, "fields": {"order": 29, "item": 1, "quantity": 7, "lineitem_total": "38.50"}}, {"model": "profiles.userprofile", "pk": 1, "fields": {"user": 2, "default_phone_number": null, "default_postcode": null, "default_town_or_city": null, "default_street_address1": null, "default_street_address2": null}}, {"model": "profiles.userprofile", "pk": 2, "fields": {"user": 3, "default_phone_number": null, "default_postcode": null, "default_town_or_city": null, "default_street_address1": null, "default_street_address2": null}}, {"model": "profiles.userprofile", "pk": 3, "fields": {"user": 1, "default_phone_number": "083233621", "default_postcode": "42424", "default_town_or_city": "Cork", "default_street_address1": "Wellington Road", "default_street_address2": "i said don't save"}}]